feature,importance_mean,importance_std
item_834_count,0.2873439467618738,0.009425100492639405
item_834_mean,0.024849046272205688,0.004460362793650251
LAST_CAREUNIT_SICU,0.02359230675818136,0.001150692991242849
item_723_last,0.02139431472747997,0.0010582888579767557
item_211_mean,0.021320663434527088,0.002009435624939398
ADMISSION_LOCATION_CLINIC REFERRAL/PREMATURE,0.020797537928766964,0.0027160946144850692
item_113_min,0.01870071562664135,0.005018166821139019
FIRST_CAREUNIT_SICU,0.017650054128502034,0.0008153284548248751
item_211_count,0.017630520757161417,0.0014057729914062657
item_223900_last,0.01650196118821473,0.0007972443178591652
item_198_last,0.015934773447263063,0.0011294124169798274
item_211_min,0.011908670528872378,0.0028330601745799352
item_113_max,0.003024734493161507,0.0023467022607419215
item_211_last,0.002617837145619617,0.0007349341602215217
ADMISSION_LOCATION_TRANSFER FROM HOSP/EXTRAM,0.0025501994832348163,0.0008701848824462622
missingindicator_item_220050_mean,0.0023854921157613895,0.0003132431189564528
item_834_last,0.002014537087536572,0.00047201703919132036
item_646_count,0.0017801549995760668,0.00020970254244499748
item_834_max,0.0016488995211952906,0.001577939578715833
item_220739_last,0.0016138865660005775,0.00023151291703051377
item_211_max,0.001502677604207292,0.0004546934838482213
item_51_last,0.0013969204314410177,0.00019404031970344
LAST_CAREUNIT_CCU,0.001288616286813149,4.997404400920795e-05
AGE,0.001259127494746126,0.00043362164220754086
item_220210_mean,0.0011100629772367032,0.000229632653775822
missingindicator_item_8368_mean,0.001025109591067197,0.00018100180105452658
item_220050_last,0.001016691323749519,0.00014664324794069744
FIRST_CAREUNIT_CCU,0.0009319632861481186,0.00014801235645664796
item_223901_last,0.0009058764513121154,0.00020758807896882628
ADMISSION_LOCATION_PHYS REFERRAL/NORMAL DELI,0.0008390016497927255,0.0007085158245345363
LAST_CAREUNIT_MICU,0.0008081760799460436,0.00014239706007142307
item_220074_min,0.0007942424806078319,0.0001717297417737688
missingindicator_item_52_mean,0.0007456754009929512,0.0001466990882570216
item_618_mean,0.0006976986223807379,0.0002074250012930923
item_646_last,0.0006679846678577684,0.00015183651211849767
LAST_CAREUNIT_CSRU,0.0005824876884081176,0.00010086748913113892
item_492_min,0.0005602647928520721,8.56311413484398e-05
item_492_last,0.0005205505914653962,6.620895470240708e-05
missingindicator_item_52_std,0.0004930198657538409,0.0001744289303846043
item_646_mean,0.0004578822504961888,0.00014323245231125212
item_113_last,0.00044409058953146505,0.00024728058861506826
item_220045_count,0.0004424919684051343,5.674125574972866e-05
item_8441_last,0.0004057824142270405,4.583409827688078e-05
item_646_min,0.0004024620371055665,0.00021103951768178643
item_220277_last,0.00040009139237975335,4.0757511927977565e-05
missingindicator_item_811_std,0.0003881043857608679,0.00012275927205319305
item_52_mean,0.0003859942875181543,0.00012011246509918187
item_811_count,0.0003646278218400245,0.0001734675706133659
item_220277_count,0.0003158936417763991,7.268844655515239e-05
item_454_last,0.0002925361075639454,9.738130054166546e-05
item_8448_last,0.00029184229655830894,9.231710417954982e-05
item_220050_mean,0.00028700887879298256,8.303303303190691e-05
item_223761_count,0.0002825751485819539,0.0001330294931348892
item_8368_mean,0.00028194678465226497,0.00016005625504115874
item_678_count,0.0002785099921000511,0.00015582932612774028
MARITAL_STATUS_UNKNOWN,0.00026601578862841537,5.998621367945475e-05
item_679_last,0.00024839735200163913,2.827459673757827e-05
item_677_count,0.00023977267932975276,9.213699200806399e-05
item_51_max,0.00023948320901332477,0.0001674476772221454
item_220045_last,0.00023426558485795113,7.363743500837248e-05
item_52_last,0.00023104330724237342,7.436663127290023e-05
item_51_mean,0.00022522718699931056,0.00013496631828197476
item_8441_mean,0.00022305428766913326,0.00016768436463277406
item_198_std,0.00020723257061934232,7.839764761959755e-05
item_220277_min,0.0001933564950565847,0.0001001519071914222
item_220045_min,0.00019316716557007396,9.0443309408513e-05
MARITAL_STATUS_SINGLE,0.00018819590241866412,4.283126670027913e-05
item_220739_count,0.00018666495753677514,7.590073681905374e-05
FIRST_CAREUNIT_TSICU,0.00018290255702775317,7.638769588223024e-05
item_198_mean,0.00016918288346846612,0.0001490399025714756
item_220074_count,0.00016813379096761727,4.020867829020946e-05
item_456_last,0.00016384849062937024,0.00010809042955118477
item_678_max,0.00015903495097726594,3.492022547705688e-05
ADMISSION_TYPE_ELECTIVE,0.00015842331188848925,0.00012066054089430728
item_492_std,0.00015202924033584918,7.740364677997374e-05
item_456_min,0.00014871051240757937,9.92981410693199e-05
RELIGION_UNOBTAINABLE,0.0001480552212868136,0.0003656468510503564
INSURANCE_SELF PAY,0.0001479951302771787,8.029687305723033e-05
item_223900_mean,0.00014746814014759968,4.1872460823651016e-05
item_224641_count,0.000147406176308984,5.750870544387648e-05
item_184_last,0.0001425187638137815,6.119807862254326e-05
item_184_mean,0.00014072833409149997,0.00015961083456694048
item_723_count,0.00013882161347535948,0.00011354730483285251
item_454_mean,0.00013879965791709913,7.786649771287778e-05
item_220045_max,0.00013700704935536433,5.804560818044075e-05
item_581_last,0.00013680654606249565,2.35034182310331e-05
item_676_max,0.00012944672475049269,5.413523455213625e-05
ED_LOS_HOURS,0.0001277754163547695,5.488690856248665e-05
item_8368_std,0.00012068984388254877,3.280417382989778e-05
item_811_last,0.00011924170400168244,4.696106359477339e-05
item_455_max,0.00010699058405945205,4.756255392189193e-05
INSURANCE_MEDICAID,0.00010685862322740158,0.000555859279116984
item_679_min,0.00010046406330546098,6.227642063948822e-05
item_581_min,9.95461404943332e-05,5.800630187545437e-05
item_220210_count,9.510891738115924e-05,3.089879707202112e-05
LANGUAGE_ENGL,9.229783090030086e-05,0.0001760872524202575
item_646_std,8.949076091910869e-05,8.914900882982113e-05
LANGUAGE_UNKNOWN,8.921973892432878e-05,7.397289704545692e-05
item_455_count,8.751764185065403e-05,5.008644730500634e-05
item_220739_mean,8.63681753588974e-05,1.1881816271798686e-05
item_677_min,8.068006780096449e-05,3.6753752830207176e-05
FIRST_CAREUNIT_CSRU,7.453329387263619e-05,6.333063648258527e-05
item_220210_max,7.207274749401193e-05,6.346538599450683e-05
item_454_count,7.192845485133325e-05,2.1248659481849112e-05
item_8554_count,7.048270217410168e-05,2.906564688136369e-05
item_5820_mean,6.969177402090798e-05,5.786166197086204e-05
item_184_count,6.823465828800223e-05,0.00012245062998669638
item_581_std,6.572585966981847e-05,3.2891543753099324e-05
missingindicator_item_51_mean,6.398235636040361e-05,4.430884147562832e-05
missingindicator_item_581_mean,6.303442398456483e-05,3.0433773790349414e-05
item_455_last,6.194349638070085e-05,0.00011950253504351098
missingindicator_item_220074_mean,6.178183519089941e-05,2.1948383930723463e-05
item_184_std,6.154854202178317e-05,0.0001712076379457708
item_678_last,6.142121026435632e-05,0.00021087128883811782
item_220045_mean,5.94017143955905e-05,3.794817754292394e-05
item_223900_count,5.8944508988456604e-05,2.4665959504181805e-05
item_679_count,5.882512494627123e-05,2.6695774028155265e-05
ETHNICITY_BLACK/AFRICAN AMERICAN,5.871154243853871e-05,3.183990003838544e-05
ADMISSION_TYPE_URGENT,5.8548029964189396e-05,0.0001090112653398503
item_8448_std,5.646329804196437e-05,1.9662533321699716e-05
FIRST_CAREUNIT_MICU,5.600087127837217e-05,7.547166753453772e-05
item_8441_min,5.544391715157637e-05,4.8032885450659995e-05
RELIGION_PROTESTANT QUAKER,5.4965089184033646e-05,8.294947898102915e-05
item_677_mean,5.321428924113247e-05,2.258780853748028e-05
item_220739_std,5.3202895049697664e-05,1.4176076705957739e-05
item_456_std,5.0290291616872375e-05,0.0001280692966729203
item_224168_count,5.015296365301625e-05,4.5210416530204265e-05
item_223901_std,4.3744524690425554e-05,5.1693949920083864e-05
item_220052_mean,4.23603420774743e-05,7.111234777055127e-05
item_8553_mean,4.103302764247862e-05,3.664586341539554e-05
item_184_max,4.067201955032518e-05,8.481393404853313e-06
item_220050_std,4.047226546761706e-05,8.686449098441386e-06
item_811_max,3.901433446650282e-05,0.00019545929341563276
missingindicator_item_5819_mean,3.718970636884533e-05,2.3588591031306404e-05
item_220179_min,3.614503345595876e-05,1.0357172048609628e-05
item_618_last,3.613301984722872e-05,9.714549361190299e-05
item_8448_min,3.569477030160861e-05,1.5559813030757147e-05
item_678_mean,3.553432878464768e-05,8.313514112115302e-05
GENDER_F,3.4976260830477115e-05,0.00019520249431757164
item_220181_last,3.43638148474712e-05,4.150943691235735e-05
item_220074_std,3.4108551004929935e-05,2.61182638174158e-05
item_492_mean,3.380574397330305e-05,1.9265162757367973e-05
item_618_min,3.145229271271921e-05,0.00023622096831435498
item_677_max,3.0941951318141925e-05,1.8431911258868846e-05
item_52_max,2.9680343193227987e-05,5.208020176501107e-05
item_220051_mean,2.802492593465544e-05,3.602251813865732e-05
item_5820_std,2.7207694416520047e-05,3.870353153446243e-05
item_8441_count,2.5878249958766198e-05,1.9698370842729904e-05
item_618_std,2.5869131112310485e-05,9.564655192727717e-05
item_220074_max,2.5492466841448012e-05,7.317187030289729e-05
item_723_mean,2.5490454741849965e-05,5.8056147238216324e-05
missingindicator_item_8553_mean,2.5096765878840353e-05,6.690559824105145e-06
missingindicator_item_220050_std,2.4643399216672802e-05,1.665766692804398e-05
item_220179_last,2.395767139224958e-05,4.22916564142436e-06
item_454_min,2.3809567743882098e-05,2.108567506326761e-05
item_455_min,2.2448276592201832e-05,2.2107169273700276e-06
LAST_CAREUNIT_TSICU,2.2407334694263258e-05,1.333256113342645e-05
item_492_count,2.2323880348174008e-05,1.2491349604045757e-05
item_220179_count,2.2131005725911646e-05,8.716384540317599e-06
item_723_min,2.181645605122684e-05,8.352505947772675e-06
item_455_std,2.1597055421851417e-05,1.902031353546756e-05
item_455_mean,2.1324163874869574e-05,7.727482299127928e-05
item_220181_std,2.1178946574829105e-05,7.964220123547911e-06
item_454_max,2.1035559309257045e-05,7.851407459086535e-06
item_220277_std,2.0753794870576046e-05,3.1025478698152547e-06
missingindicator_item_8368_std,2.033822911986505e-05,3.7437827544992114e-05
missingindicator_item_220052_mean,2.0192196624313486e-05,8.073094979304998e-06
item_456_count,1.9777467405757142e-05,4.2218260938691994e-05
item_220179_mean,1.8711191789233526e-05,1.3435985007540647e-05
missingindicator_item_834_mean,1.8410569836102564e-05,5.043239840276848e-05
item_220210_std,1.7761213603617597e-05,2.8499351486796617e-05
item_678_min,1.7469034719852507e-05,2.955275380706006e-05
missingindicator_item_8547_mean,1.6901643620625962e-05,2.7392051569190187e-05
item_723_max,1.6710180378343153e-05,2.0025881251239593e-05
item_581_mean,1.543906430894193e-05,1.3569941528290931e-05
item_5817_max,1.4503636321372414e-05,2.3553062116401405e-05
ADMISSION_LOCATION_** INFO NOT AVAILABLE **,1.3784047052167737e-05,1.2026951074517427e-05
item_492_max,1.3672414549648072e-05,3.204009795288096e-06
item_220181_mean,1.3525100063416229e-05,2.0765958013850153e-05
item_5820_max,1.2630939054614209e-05,0.00016915509157131936
item_220052_last,1.190547368845607e-05,1.547117698727534e-05
item_679_std,1.1797699632887237e-05,6.3338098465718325e-06
missingindicator_item_678_std,1.1566171126098368e-05,1.0595727743316105e-05
item_220181_min,1.0610550046141753e-05,8.54261983181271e-05
item_220210_min,1.0535840627778904e-05,8.110784493115824e-05
item_811_mean,1.0375660674100117e-05,0.000136656133422294
item_220210_last,9.778875427235433e-06,7.404467935812208e-06
item_8547_last,9.717420084076612e-06,3.822392279720818e-05
item_8441_max,9.576097985541931e-06,0.0001591675750936799
item_811_std,7.748292681331037e-06,3.273383149801946e-05
item_8549_std,6.488037502949684e-06,2.8517591435647102e-05
item_8551_max,6.295969373981691e-06,5.528916754423409e-05
item_220180_mean,6.216364101607752e-06,3.5975949311173115e-06
item_223901_mean,5.832211512202256e-06,1.922977686411538e-05
item_220051_min,4.923985261784392e-06,8.534153307288227e-06
item_581_max,4.862646608827514e-06,1.4339200174509336e-05
item_8551_last,3.885061068453766e-06,2.7754438530221053e-05
item_5817_mean,3.6055318758942967e-06,6.837185809266434e-06
item_8547_max,2.0724267587701737e-06,3.132895527317217e-05
item_220052_count,8.709887368119063e-07,2.830529343380496e-06
item_223761_last,8.620649437185435e-07,1.909349480352417e-05
item_220180_last,2.380853036165753e-07,1.88671704009651e-05
missingindicator_item_492_last,0.0,0.0
missingindicator_item_492_std,0.0,0.0
missingindicator_item_492_mean,0.0,0.0
missingindicator_item_834_count,0.0,0.0
missingindicator_item_220050_count,0.0,0.0
missingindicator_item_492_min,0.0,0.0
missingindicator_item_220181_mean,0.0,0.0
missingindicator_item_834_std,0.0,0.0
missingindicator_item_220050_max,0.0,0.0
missingindicator_item_492_max,0.0,0.0
missingindicator_item_492_count,0.0,0.0
missingindicator_item_220050_min,0.0,0.0
missingindicator_item_220181_min,0.0,0.0
item_5813_mean,0.0,0.0
missingindicator_item_220051_count,0.0,0.0
missingindicator_item_220051_last,0.0,0.0
missingindicator_item_220179_mean,0.0,0.0
missingindicator_item_834_max,0.0,0.0
missingindicator_item_220181_count,0.0,0.0
missingindicator_item_220181_std,0.0,0.0
missingindicator_item_834_min,0.0,0.0
missingindicator_item_220181_max,0.0,0.0
missingindicator_item_220181_last,0.0,0.0
missingindicator_item_646_max,0.0,0.0
missingindicator_item_678_last,0.0,0.0
missingindicator_item_456_count,0.0,0.0
missingindicator_item_646_count,0.0,0.0
missingindicator_item_646_min,0.0,0.0
missingindicator_item_646_last,0.0,0.0
missingindicator_item_456_mean,0.0,0.0
missingindicator_item_646_mean,0.0,0.0
missingindicator_item_456_min,0.0,0.0
missingindicator_item_220051_max,0.0,0.0
missingindicator_item_8547_last,0.0,0.0
missingindicator_item_456_max,0.0,0.0
missingindicator_item_220051_std,0.0,0.0
missingindicator_item_220051_min,0.0,0.0
missingindicator_item_220051_mean,0.0,0.0
missingindicator_item_456_std,0.0,0.0
missingindicator_item_220052_last,0.0,0.0
missingindicator_item_220050_last,0.0,0.0
missingindicator_item_220052_count,0.0,0.0
missingindicator_item_456_last,0.0,0.0
missingindicator_item_678_mean,0.0,0.0
missingindicator_item_220052_std,0.0,0.0
missingindicator_item_678_min,0.0,0.0
missingindicator_item_220052_max,0.0,0.0
missingindicator_item_8547_count,0.0,0.0
missingindicator_item_678_max,0.0,0.0
missingindicator_item_834_last,0.0,0.0
missingindicator_item_8547_std,0.0,0.0
missingindicator_item_220052_min,0.0,0.0
missingindicator_item_678_count,0.0,0.0
missingindicator_item_646_std,0.0,0.0
missingindicator_item_8547_max,0.0,0.0
missingindicator_item_224168_std,0.0,0.0
missingindicator_item_224168_mean,0.0,0.0
missingindicator_item_223761_last,0.0,0.0
missingindicator_item_223761_mean,0.0,0.0
missingindicator_item_223761_min,0.0,0.0
missingindicator_item_223761_max,0.0,0.0
missingindicator_item_223901_mean,0.0,0.0
missingindicator_item_223761_std,0.0,0.0
missingindicator_item_223761_count,0.0,0.0
missingindicator_item_220739_last,0.0,0.0
missingindicator_item_220210_mean,0.0,0.0
missingindicator_item_220045_mean,0.0,0.0
missingindicator_item_220045_min,0.0,0.0
missingindicator_item_220045_max,0.0,0.0
missingindicator_item_220045_std,0.0,0.0
missingindicator_item_220045_count,0.0,0.0
missingindicator_item_220739_count,0.0,0.0
missingindicator_item_220277_last,0.0,0.0
missingindicator_item_223901_min,0.0,0.0
missingindicator_item_223901_max,0.0,0.0
missingindicator_item_223901_std,0.0,0.0
missingindicator_item_223901_count,0.0,0.0
missingindicator_item_223901_last,0.0,0.0
missingindicator_item_223900_mean,0.0,0.0
missingindicator_item_223900_min,0.0,0.0
missingindicator_item_220277_count,0.0,0.0
missingindicator_item_223900_max,0.0,0.0
missingindicator_item_223900_std,0.0,0.0
missingindicator_item_223900_count,0.0,0.0
missingindicator_item_223900_last,0.0,0.0
missingindicator_item_220277_std,0.0,0.0
missingindicator_item_220277_mean,0.0,0.0
missingindicator_item_220277_max,0.0,0.0
missingindicator_item_220179_max,0.0,0.0
missingindicator_item_220045_last,0.0,0.0
missingindicator_item_220739_std,0.0,0.0
missingindicator_item_220180_last,0.0,0.0
missingindicator_item_220180_max,0.0,0.0
missingindicator_item_220074_last,0.0,0.0
missingindicator_item_224641_max,0.0,0.0
missingindicator_item_224641_min,0.0,0.0
missingindicator_item_224641_mean,0.0,0.0
missingindicator_item_220180_mean,0.0,0.0
missingindicator_item_220180_min,0.0,0.0
missingindicator_item_220180_std,0.0,0.0
missingindicator_item_220739_max,0.0,0.0
missingindicator_item_224168_last,0.0,0.0
missingindicator_item_224168_count,0.0,0.0
missingindicator_item_220277_min,0.0,0.0
missingindicator_item_220180_count,0.0,0.0
missingindicator_item_224168_max,0.0,0.0
missingindicator_item_224168_min,0.0,0.0
missingindicator_item_224641_std,0.0,0.0
missingindicator_item_220074_count,0.0,0.0
missingindicator_item_220074_max,0.0,0.0
missingindicator_item_224641_count,0.0,0.0
missingindicator_item_220074_min,0.0,0.0
missingindicator_item_224641_last,0.0,0.0
missingindicator_item_220210_last,0.0,0.0
missingindicator_item_811_min,0.0,0.0
missingindicator_item_811_max,0.0,0.0
missingindicator_item_220210_count,0.0,0.0
missingindicator_item_220210_std,0.0,0.0
missingindicator_item_220210_max,0.0,0.0
missingindicator_item_811_count,0.0,0.0
missingindicator_item_220210_min,0.0,0.0
missingindicator_item_811_last,0.0,0.0
missingindicator_item_220739_mean,0.0,0.0
missingindicator_item_220739_min,0.0,0.0
missingindicator_item_220179_min,0.0,0.0
missingindicator_item_454_min,0.0,0.0
missingindicator_item_220179_std,0.0,0.0
RELIGION_UNITARIAN-UNIVERSALIST,0.0,0.0
RELIGION_JEWISH,0.0,0.0
RELIGION_LUTHERAN,0.0,0.0
RELIGION_METHODIST,0.0,0.0
RELIGION_MUSLIM,0.0,0.0
RELIGION_OTHER,0.0,0.0
RELIGION_ROMANIAN EAST. ORTH,0.0,0.0
RELIGION_UNKNOWN,0.0,0.0
ETHNICITY_ASIAN - ASIAN INDIAN,0.0,0.0
MARITAL_STATUS_DIVORCED,0.0,0.0
MARITAL_STATUS_LIFE PARTNER,0.0,0.0
MARITAL_STATUS_SEPARATED,0.0,0.0
MARITAL_STATUS_UNKNOWN (DEFAULT),0.0,0.0
MARITAL_STATUS_WIDOWED,0.0,0.0
ETHNICITY_AMERICAN INDIAN/ALASKA NATIVE,0.0,0.0
RELIGION_JEHOVAH'S WITNESS,0.0,0.0
RELIGION_HINDU,0.0,0.0
RELIGION_HEBREW,0.0,0.0
RELIGION_GREEK ORTHODOX,0.0,0.0
RELIGION_EPISCOPALIAN,0.0,0.0
RELIGION_CHRISTIAN SCIENTIST,0.0,0.0
RELIGION_BUDDHIST,0.0,0.0
RELIGION_BAPTIST,0.0,0.0
RELIGION_7TH DAY ADVENTIST,0.0,0.0
LANGUAGE_VIET,0.0,0.0
LANGUAGE_URDU,0.0,0.0
LANGUAGE_TURK,0.0,0.0
LANGUAGE_THAI,0.0,0.0
LANGUAGE_TAGA,0.0,0.0
LANGUAGE_SPAN,0.0,0.0
LANGUAGE_SOMA,0.0,0.0
LANGUAGE_SERB,0.0,0.0
ETHNICITY_ASIAN,0.0,0.0
ETHNICITY_ASIAN - CAMBODIAN,0.0,0.0
LANGUAGE_PTUN,0.0,0.0
ETHNICITY_OTHER,0.0,0.0
ETHNICITY_HISPANIC/LATINO - MEXICAN,0.0,0.0
ETHNICITY_HISPANIC/LATINO - PUERTO RICAN,0.0,0.0
ETHNICITY_HISPANIC/LATINO - SALVADORAN,0.0,0.0
ETHNICITY_MIDDLE EASTERN,0.0,0.0
ETHNICITY_MULTI RACE ETHNICITY,0.0,0.0
ETHNICITY_NATIVE HAWAIIAN OR OTHER PACIFIC ISLANDER,0.0,0.0
ETHNICITY_PORTUGUESE,0.0,0.0
ETHNICITY_ASIAN - CHINESE,0.0,0.0
ETHNICITY_SOUTH AMERICAN,0.0,0.0
ETHNICITY_UNABLE TO OBTAIN,0.0,0.0
ETHNICITY_UNKNOWN/NOT SPECIFIED,0.0,0.0
ETHNICITY_WHITE - BRAZILIAN,0.0,0.0
ETHNICITY_WHITE - EASTERN EUROPEAN,0.0,0.0
ETHNICITY_WHITE - OTHER EUROPEAN,0.0,0.0
ETHNICITY_HISPANIC/LATINO - HONDURAN,0.0,0.0
ETHNICITY_HISPANIC/LATINO - GUATEMALAN,0.0,0.0
ETHNICITY_HISPANIC/LATINO - DOMINICAN,0.0,0.0
ETHNICITY_HISPANIC/LATINO - CUBAN,0.0,0.0
ETHNICITY_HISPANIC/LATINO - COLOMBIAN,0.0,0.0
ETHNICITY_HISPANIC/LATINO - CENTRAL AMERICAN (OTHER),0.0,0.0
ETHNICITY_HISPANIC OR LATINO,0.0,0.0
ETHNICITY_CARIBBEAN ISLAND,0.0,0.0
ETHNICITY_BLACK/HAITIAN,0.0,0.0
ETHNICITY_BLACK/CAPE VERDEAN,0.0,0.0
ETHNICITY_BLACK/AFRICAN,0.0,0.0
ETHNICITY_ASIAN - VIETNAMESE,0.0,0.0
ETHNICITY_ASIAN - THAI,0.0,0.0
ETHNICITY_ASIAN - OTHER,0.0,0.0
ETHNICITY_ASIAN - KOREAN,0.0,0.0
ETHNICITY_ASIAN - JAPANESE,0.0,0.0
ETHNICITY_ASIAN - FILIPINO,0.0,0.0
LANGUAGE_RUSS,0.0,0.0
LANGUAGE_PORT,0.0,0.0
missingindicator_item_220179_count,0.0,0.0
LANGUAGE_*CRE,0.0,0.0
LANGUAGE_*ARM,0.0,0.0
LANGUAGE_*BEN,0.0,0.0
LANGUAGE_*BUL,0.0,0.0
LANGUAGE_*BUR,0.0,0.0
LANGUAGE_*CAN,0.0,0.0
LANGUAGE_*CDI,0.0,0.0
LANGUAGE_*DUT,0.0,0.0
LANGUAGE_*LIT,0.0,0.0
LANGUAGE_*FAR,0.0,0.0
LANGUAGE_*FIL,0.0,0.0
LANGUAGE_*FUL,0.0,0.0
missingindicator_item_8547_min,0.0,0.0
LANGUAGE_*HUN,0.0,0.0
LANGUAGE_*IBO,0.0,0.0
LANGUAGE_*ARA,0.0,0.0
LANGUAGE_*AMH,0.0,0.0
LANGUAGE_**TO,0.0,0.0
LANGUAGE_** T,0.0,0.0
LANGUAGE_* FU,0.0,0.0
INSURANCE_MEDICARE,0.0,0.0
ADMISSION_LOCATION_TRSF WITHIN THIS FACILITY,0.0,0.0
ADMISSION_LOCATION_TRANSFER FROM SKILLED NUR,0.0,0.0
ADMISSION_LOCATION_TRANSFER FROM OTHER HEALT,0.0,0.0
ADMISSION_LOCATION_HMO REFERRAL/SICK,0.0,0.0
ADMISSION_LOCATION_EMERGENCY ROOM ADMIT,0.0,0.0
ADMISSION_TYPE_NEWBORN,0.0,0.0
LAST_CAREUNIT_NICU,0.0,0.0
FIRST_CAREUNIT_NICU,0.0,0.0
DBSOURCE_CAREVUE,0.0,0.0
DBSOURCE_BOTH,0.0,0.0
missingindicator_item_220179_last,0.0,0.0
LANGUAGE_*LEB,0.0,0.0
LANGUAGE_*MAN,0.0,0.0
LANGUAGE_POLI,0.0,0.0
LANGUAGE_HAIT,0.0,0.0
LANGUAGE_CANT,0.0,0.0
LANGUAGE_CAPE,0.0,0.0
LANGUAGE_ETHI,0.0,0.0
LANGUAGE_FREN,0.0,0.0
LANGUAGE_GERM,0.0,0.0
LANGUAGE_GREE,0.0,0.0
LANGUAGE_HIND,0.0,0.0
LANGUAGE_*MOR,0.0,0.0
LANGUAGE_ITAL,0.0,0.0
LANGUAGE_JAPA,0.0,0.0
LANGUAGE_KORE,0.0,0.0
LANGUAGE_LAOT,0.0,0.0
LANGUAGE_MAND,0.0,0.0
LANGUAGE_PERS,0.0,0.0
LANGUAGE_CAMB,0.0,0.0
LANGUAGE_BENG,0.0,0.0
LANGUAGE_ARAB,0.0,0.0
LANGUAGE_AMER,0.0,0.0
LANGUAGE_ALBA,0.0,0.0
LANGUAGE_*YOR,0.0,0.0
LANGUAGE_*YID,0.0,0.0
LANGUAGE_*URD,0.0,0.0
LANGUAGE_*TOI,0.0,0.0
LANGUAGE_*TEL,0.0,0.0
LANGUAGE_*TAM,0.0,0.0
LANGUAGE_*SPA,0.0,0.0
LANGUAGE_*RUS,0.0,0.0
LANGUAGE_*ROM,0.0,0.0
LANGUAGE_*PUN,0.0,0.0
LANGUAGE_*PER,0.0,0.0
LANGUAGE_*NEP,0.0,0.0
LANGUAGE_*GUJ,0.0,0.0
ETHNICITY_WHITE - RUSSIAN,0.0,0.0
missingindicator_item_5820_last,0.0,0.0
item_8549_count,0.0,0.0
missingindicator_item_581_min,0.0,0.0
missingindicator_item_5813_last,0.0,0.0
missingindicator_item_5813_count,0.0,0.0
missingindicator_item_5813_std,0.0,0.0
item_5815_max,0.0,0.0
missingindicator_item_5813_max,0.0,0.0
missingindicator_item_5813_min,0.0,0.0
item_5815_std,0.0,0.0
item_5815_last,0.0,0.0
missingindicator_item_5820_count,0.0,0.0
missingindicator_item_113_last,0.0,0.0
missingindicator_item_113_count,0.0,0.0
missingindicator_item_113_std,0.0,0.0
item_8551_mean,0.0,0.0
missingindicator_item_113_max,0.0,0.0
missingindicator_item_113_min,0.0,0.0
item_742_mean,0.0,0.0
item_220179_std,0.0,0.0
item_742_min,0.0,0.0
item_742_max,0.0,0.0
item_742_std,0.0,0.0
item_220051_count,0.0,0.0
item_220051_std,0.0,0.0
item_742_last,0.0,0.0
item_8549_min,0.0,0.0
missingindicator_item_581_max,0.0,0.0
missingindicator_item_581_std,0.0,0.0
missingindicator_item_581_count,0.0,0.0
missingindicator_item_8553_min,0.0,0.0
missingindicator_item_8551_mean,0.0,0.0
missingindicator_item_5815_last,0.0,0.0
missingindicator_item_5815_count,0.0,0.0
missingindicator_item_5815_std,0.0,0.0
missingindicator_item_5815_max,0.0,0.0
item_5817_count,0.0,0.0
item_5815_mean,0.0,0.0
missingindicator_item_8553_last,0.0,0.0
missingindicator_item_8553_count,0.0,0.0
missingindicator_item_8553_std,0.0,0.0
missingindicator_item_8553_max,0.0,0.0
missingindicator_item_455_last,0.0,0.0
missingindicator_item_581_last,0.0,0.0
missingindicator_item_455_count,0.0,0.0
missingindicator_item_455_std,0.0,0.0
missingindicator_item_455_max,0.0,0.0
missingindicator_item_455_min,0.0,0.0
item_5815_min,0.0,0.0
missingindicator_item_198_last,0.0,0.0
missingindicator_item_198_count,0.0,0.0
missingindicator_item_198_std,0.0,0.0
missingindicator_item_198_max,0.0,0.0
missingindicator_item_198_min,0.0,0.0
missingindicator_item_198_mean,0.0,0.0
item_220050_count,0.0,0.0
item_220181_max,0.0,0.0
missingindicator_item_8551_max,0.0,0.0
item_220180_count,0.0,0.0
item_224168_mean,0.0,0.0
item_5813_count,0.0,0.0
item_5813_last,0.0,0.0
item_5819_mean,0.0,0.0
item_5819_min,0.0,0.0
item_5819_max,0.0,0.0
item_5819_std,0.0,0.0
item_646_max,0.0,0.0
item_5819_count,0.0,0.0
item_8547_std,0.0,0.0
item_8547_min,0.0,0.0
item_8547_mean,0.0,0.0
item_5820_last,0.0,0.0
item_5820_count,0.0,0.0
item_5820_min,0.0,0.0
item_676_last,0.0,0.0
item_676_count,0.0,0.0
item_676_std,0.0,0.0
item_676_min,0.0,0.0
item_676_mean,0.0,0.0
item_5819_last,0.0,0.0
item_8448_count,0.0,0.0
item_5817_min,0.0,0.0
item_5817_std,0.0,0.0
item_581_count,0.0,0.0
item_224168_min,0.0,0.0
item_224168_max,0.0,0.0
item_224168_std,0.0,0.0
item_223900_min,0.0,0.0
item_184_min,0.0,0.0
item_220180_min,0.0,0.0
item_5813_min,0.0,0.0
item_679_mean,0.0,0.0
item_223761_std,0.0,0.0
item_679_max,0.0,0.0
item_8554_mean,0.0,0.0
item_8554_min,0.0,0.0
item_5813_max,0.0,0.0
item_8554_max,0.0,0.0
item_223900_max,0.0,0.0
item_223901_count,0.0,0.0
item_224168_last,0.0,0.0
item_8554_std,0.0,0.0
item_223901_min,0.0,0.0
item_5813_std,0.0,0.0
item_220739_max,0.0,0.0
item_220739_min,0.0,0.0
item_8554_last,0.0,0.0
item_224641_last,0.0,0.0
item_224641_std,0.0,0.0
item_224641_max,0.0,0.0
item_224641_min,0.0,0.0
item_224641_mean,0.0,0.0
missingindicator_item_8551_min,0.0,0.0
missingindicator_item_5815_min,0.0,0.0
missingindicator_item_8551_std,0.0,0.0
missingindicator_item_5819_std,0.0,0.0
missingindicator_item_5817_std,0.0,0.0
missingindicator_item_5817_max,0.0,0.0
missingindicator_item_5817_min,0.0,0.0
missingindicator_item_5817_mean,0.0,0.0
missingindicator_item_8441_last,0.0,0.0
missingindicator_item_8441_count,0.0,0.0
missingindicator_item_8441_std,0.0,0.0
missingindicator_item_8441_max,0.0,0.0
missingindicator_item_8441_min,0.0,0.0
missingindicator_item_8441_mean,0.0,0.0
missingindicator_item_5819_last,0.0,0.0
missingindicator_item_5819_count,0.0,0.0
missingindicator_item_5819_max,0.0,0.0
missingindicator_item_8554_mean,0.0,0.0
missingindicator_item_5819_min,0.0,0.0
item_8553_std,0.0,0.0
missingindicator_item_211_last,0.0,0.0
missingindicator_item_211_count,0.0,0.0
missingindicator_item_211_std,0.0,0.0
missingindicator_item_211_max,0.0,0.0
missingindicator_item_211_min,0.0,0.0
missingindicator_item_211_mean,0.0,0.0
missingindicator_item_8554_last,0.0,0.0
missingindicator_item_8554_count,0.0,0.0
missingindicator_item_8554_std,0.0,0.0
missingindicator_item_8554_max,0.0,0.0
missingindicator_item_5817_count,0.0,0.0
missingindicator_item_5817_last,0.0,0.0
missingindicator_item_51_min,0.0,0.0
missingindicator_item_51_max,0.0,0.0
item_8553_min,0.0,0.0
missingindicator_item_5820_max,0.0,0.0
missingindicator_item_5820_min,0.0,0.0
item_8553_max,0.0,0.0
missingindicator_item_676_last,0.0,0.0
missingindicator_item_676_count,0.0,0.0
missingindicator_item_676_std,0.0,0.0
missingindicator_item_676_max,0.0,0.0
missingindicator_item_676_min,0.0,0.0
missingindicator_item_676_mean,0.0,0.0
missingindicator_item_723_last,0.0,0.0
missingindicator_item_723_count,0.0,0.0
missingindicator_item_723_std,0.0,0.0
missingindicator_item_723_max,0.0,0.0
missingindicator_item_723_min,0.0,0.0
missingindicator_item_723_mean,0.0,0.0
missingindicator_item_8448_last,0.0,0.0
missingindicator_item_8448_count,0.0,0.0
missingindicator_item_8448_std,0.0,0.0
missingindicator_item_8448_max,0.0,0.0
missingindicator_item_8448_min,0.0,0.0
missingindicator_item_8448_mean,0.0,0.0
missingindicator_item_51_last,0.0,0.0
missingindicator_item_51_count,0.0,0.0
missingindicator_item_51_std,0.0,0.0
missingindicator_item_8551_count,0.0,0.0
missingindicator_item_8554_min,0.0,0.0
missingindicator_item_677_count,0.0,0.0
item_8553_last,0.0,0.0
missingindicator_item_618_count,0.0,0.0
missingindicator_item_618_std,0.0,0.0
missingindicator_item_618_max,0.0,0.0
missingindicator_item_618_min,0.0,0.0
missingindicator_item_618_mean,0.0,0.0
missingindicator_item_677_last,0.0,0.0
missingindicator_item_454_last,0.0,0.0
missingindicator_item_8549_std,0.0,0.0
missingindicator_item_677_std,0.0,0.0
missingindicator_item_677_max,0.0,0.0
missingindicator_item_677_min,0.0,0.0
missingindicator_item_677_mean,0.0,0.0
missingindicator_item_52_last,0.0,0.0
missingindicator_item_52_count,0.0,0.0
missingindicator_item_8549_count,0.0,0.0
missingindicator_item_52_max,0.0,0.0
missingindicator_item_52_min,0.0,0.0
missingindicator_item_184_last,0.0,0.0
missingindicator_item_8549_last,0.0,0.0
missingindicator_item_184_count,0.0,0.0
missingindicator_item_184_std,0.0,0.0
missingindicator_item_184_max,0.0,0.0
missingindicator_item_184_min,0.0,0.0
missingindicator_item_618_last,0.0,0.0
HAS_CHARTEVENTS_DATA,0.0,0.0
missingindicator_item_8368_min,0.0,0.0
missingindicator_item_454_mean,0.0,0.0
missingindicator_item_8551_last,0.0,0.0
missingindicator_item_742_mean,0.0,0.0
missingindicator_item_742_min,0.0,0.0
missingindicator_item_742_max,0.0,0.0
missingindicator_item_454_count,0.0,0.0
missingindicator_item_742_std,0.0,0.0
missingindicator_item_454_std,0.0,0.0
missingindicator_item_454_max,0.0,0.0
missingindicator_item_742_count,0.0,0.0
missingindicator_item_742_last,0.0,0.0
missingindicator_item_679_last,0.0,0.0
missingindicator_item_8368_max,0.0,0.0
missingindicator_item_679_count,0.0,0.0
missingindicator_item_8549_mean,0.0,0.0
missingindicator_item_679_std,0.0,0.0
missingindicator_item_679_max,0.0,0.0
missingindicator_item_8549_min,0.0,0.0
missingindicator_item_8549_max,0.0,0.0
missingindicator_item_679_min,0.0,0.0
missingindicator_item_679_mean,0.0,0.0
missingindicator_item_8368_last,0.0,0.0
missingindicator_item_8368_count,0.0,0.0
missingindicator_item_184_mean,0.0,0.0
item_220052_min,-7.409344217057523e-08,6.504207929249192e-05
ETHNICITY_PATIENT DECLINED TO ANSWER,-1.4618112593400846e-06,5.581304426299688e-05
MARITAL_STATUS_MARRIED,-1.4742401802325667e-06,9.863191711411588e-06
item_8551_count,-1.6219130183015019e-06,1.9879815836682266e-05
item_223761_max,-2.2943874972813914e-06,6.029966219781786e-06
item_220180_std,-2.3134263320456762e-06,1.1255861130931607e-05
item_220074_last,-2.4747070999420195e-06,1.969695542378787e-06
item_220052_std,-2.7352588096274387e-06,2.097010414902895e-06
item_220050_max,-3.699999562478684e-06,2.815255411046544e-05
item_456_max,-4.527732425863018e-06,3.543583513145595e-05
item_220074_mean,-5.257029716532191e-06,8.882388975622781e-06
DBSOURCE_METAVISION,-6.313253841183642e-06,2.0443077238761926e-05
item_51_std,-8.206233595897671e-06,6.73106982216967e-05
item_51_count,-9.624266725272168e-06,2.6639982587890617e-05
item_8549_mean,-9.830117324671761e-06,2.814650449973415e-05
item_220050_min,-1.016015394544878e-05,9.111757513786132e-06
item_198_count,-1.0311009591013054e-05,1.8826001277853348e-05
item_5817_last,-1.0492358825753279e-05,2.375135843161939e-05
item_723_std,-1.1490255222468271e-05,1.2298583106782223e-05
item_220277_max,-1.1501872007346758e-05,1.1228132026450302e-05
item_220051_last,-1.2860047873453073e-05,1.4696944736984755e-05
item_220179_max,-1.3108477309831112e-05,2.4678686128925943e-05
missingindicator_item_5813_mean,-1.4829002071048424e-05,3.168793739687081e-05
item_220052_max,-1.504530819436134e-05,8.35700799669227e-06
missingindicator_ED_LOS_HOURS,-1.5428667451278243e-05,3.6087641962041883e-05
item_8551_min,-1.5644825561833554e-05,1.643270456925224e-05
item_52_min,-1.6155564464626072e-05,4.0860698982649144e-05
item_8441_std,-1.7189597065214724e-05,9.518500019037627e-05
item_220180_max,-1.725094753292078e-05,9.701716797676853e-06
item_8368_last,-1.7815062090964506e-05,9.24215806249758e-05
item_220181_count,-2.0119081732794532e-05,1.3936152356601497e-05
GENDER_M,-2.0245069391267025e-05,4.416362294689841e-05
item_198_min,-2.0650228453900078e-05,2.9554803464200755e-05
item_51_min,-2.1651852022186446e-05,3.20312838239453e-05
missingindicator_item_220074_std,-2.2027103540089853e-05,8.916057557314238e-06
item_8368_max,-2.2237515725231916e-05,6.315256600892337e-05
item_223761_mean,-2.2377762925474e-05,4.247584921904274e-05
item_8368_min,-2.710261151784854e-05,5.550680536151982e-05
item_8448_max,-2.7888683594823327e-05,2.2140963106382485e-05
item_678_std,-2.806345879450278e-05,3.8478586705333655e-05
missingindicator_item_5820_std,-3.184982207753429e-05,0.00010374621878654318
missingindicator_item_5815_mean,-3.196640958325059e-05,7.788794246734072e-05
item_454_std,-3.362063078247157e-05,5.9372610246496287e-05
item_8549_last,-3.817915030979169e-05,1.8726837576526578e-05
item_618_max,-3.8976928299616634e-05,2.209614354938058e-05
item_220045_std,-4.1048590481351786e-05,2.2669603360490818e-05
item_5815_count,-4.113463908611559e-05,1.2564347939888857e-05
ADMISSION_TYPE_EMERGENCY,-4.521020284848909e-05,4.722867154650038e-05
item_8549_max,-4.6773438432734515e-05,1.617299143077018e-05
item_220277_mean,-4.8390425156175086e-05,0.0001066351004499971
item_52_count,-4.8781757192306596e-05,4.3062123424999715e-05
item_223761_min,-4.993619011479655e-05,4.267029771110881e-05
item_677_std,-5.4502829693992005e-05,8.554306210675502e-05
missingindicator_item_113_mean,-5.827986526908413e-05,2.049541590832915e-05
item_223900_std,-5.929239744527637e-05,1.217313609787404e-05
item_8551_std,-6.206699233632929e-05,2.5103833141487918e-05
item_456_mean,-6.740731088008544e-05,6.156705730091052e-05
item_223901_max,-7.186311804647793e-05,4.878770008664121e-05
item_8547_count,-7.233214251872733e-05,3.594106002664149e-05
missingindicator_item_5820_mean,-7.560309181383617e-05,7.525605171637885e-05
missingindicator_item_455_mean,-8.297681194616713e-05,8.40348997049018e-05
item_677_last,-8.536106247565289e-05,4.020726754742806e-05
item_8368_count,-9.133943345542849e-05,5.847737471831608e-05
item_8553_count,-9.545280248468568e-05,8.11702344278538e-05
item_220051_max,-9.76045855263452e-05,4.18195339490343e-05
item_742_count,-0.00014021541231694633,9.615900370020418e-05
item_8448_mean,-0.00014321926189126978,0.00011763489615650007
item_198_max,-0.00014481662649125094,4.984265794396858e-05
missingindicator_item_811_mean,-0.00018769203533857136,0.0002597301139519208
item_811_min,-0.00019213635563364306,9.272240945358895e-05
item_52_std,-0.00019301212501749988,5.0209405542188433e-05
item_211_std,-0.0002336273526762689,0.0012251340276689803
INSURANCE_PRIVATE,-0.0002738912590094844,0.0005949195389700616
RELIGION_NOT SPECIFIED,-0.000274118437035209,0.00024314162567175526
item_618_count,-0.00029296421230836647,6.55117888575538e-05
RELIGION_CATHOLIC,-0.00031636079618813095,0.0002669068487199854
item_113_std,-0.00036252005407448883,0.00019405603961529996
INSURANCE_GOVERNMENT,-0.0004967773898077565,0.00022161850044033441
ETHNICITY_WHITE,-0.0005126165788417181,0.0010183862267061096
item_113_mean,-0.0005634938719207728,0.00022083107743492701
item_834_std,-0.0008443659006342807,0.00027175890318628784
item_113_count,-0.0008915661381423745,0.0005047267756813593
item_834_min,-0.0013853984206779635,0.0013427592758436732
